user_id,current_ideology,ideology,pretest_id,network,session
16340,6,"conservative",686,0,7
16341,2,"liberal",111,1,7
16342,1,"liberal",16,1,7
16343,2,"liberal",296,1,7
16344,1,"liberal",233,1,7
16345,6,"conservative",538,0,7
16346,6,"conservative",638,1,7
16347,2,"liberal",412,1,7
16348,2,"liberal",177,1,7
16349,3,"liberal",279,1,7
16350,6,"conservative",515,1,7
16351,1,"liberal",148,1,7
16352,5,"conservative",620,1,7
16353,6,"conservative",645,1,7
16354,6,"conservative",689,1,7
16355,3,"liberal",443,1,7
16356,2,"liberal",410,1,7
16357,5,"conservative",872,1,7
16358,5,"conservative",721,1,7
16359,6,"conservative",546,1,7
16361,5,"conservative",591,1,7
16362,6,"conservative",568,0,7
16363,6,"conservative",873,1,7
16364,5,"conservative",843,1,7
16365,6,"conservative",754,1,7
16367,1,"liberal",221,1,7
16368,2,"liberal",408,1,7
16369,1,"liberal",235,1,7
16370,2,"liberal",367,1,7
16371,6,"conservative",892,1,7
16372,1,"liberal",83,1,7
16373,3,"liberal",242,1,7
16374,6,"conservative",868,1,7
16375,2,"liberal",380,1,7
16376,6,"conservative",772,1,7
16377,2,"liberal",184,1,7
16378,6,"conservative",688,1,7
16379,2,"liberal",426,1,7
16380,6,"conservative",681,1,7
16381,3,"liberal",441,1,7
16382,2,"liberal",359,1,7
16383,1,"liberal",208,1,7
16384,2,"liberal",280,1,7
16385,2,"liberal",87,1,7
16386,2,"liberal",39,1,7
16387,2,"liberal",190,1,7
16388,3,"liberal",228,1,7
16389,2,"liberal",146,1,7
16390,6,"conservative",737,1,7
16391,6,"conservative",695,1,7
16392,5,"conservative",556,1,7
16393,2,"liberal",81,1,7
16394,5,"conservative",526,1,7
16395,6,"conservative",817,1,7
16396,6,"conservative",771,1,7
16397,1,"liberal",362,1,7
16398,6,"conservative",626,1,7
16399,1,"liberal",350,1,7
16400,6,"conservative",453,1,7
16401,3,"liberal",267,1,7
16402,2,"liberal",334,1,7
16403,7,"conservative",849,1,7
16404,6,"conservative",664,0,7
16405,2,"liberal",64,1,7
16406,6,"conservative",769,1,7
16407,5,"conservative",679,1,7
16408,2,"liberal",165,1,7
16409,3,"liberal",47,0,7
16411,5,"conservative",566,1,7
16412,1,"liberal",151,1,7
16413,6,"conservative",819,1,7
16414,6,"conservative",619,1,7
16415,5,"conservative",704,1,7
16416,1,"liberal",428,1,7
16417,3,"liberal",100,1,7
16418,7,"conservative",808,1,7
16419,2,"liberal",421,1,7
16420,1,"liberal",310,1,7
16421,6,"conservative",854,1,7
16422,6,"conservative",717,1,7
16423,7,"conservative",874,1,7
16424,5,"conservative",604,0,7
16425,2,"liberal",394,1,7
16426,2,"liberal",243,1,7
16427,6,"conservative",711,1,7
16428,5,"conservative",876,1,7
16429,2,"liberal",196,1,7
16430,5,"conservative",603,1,7
16431,6,"conservative",748,1,7
16432,7,"conservative",707,1,7
16433,3,"liberal",133,1,7
16434,3,"liberal",202,1,7
16435,3,"liberal",418,1,7
16436,7,"conservative",525,1,7
16437,6,"conservative",818,1,7
16438,2,"liberal",241,1,7
16439,6,"conservative",841,1,7
16440,6,"conservative",545,1,7
16441,6,"conservative",643,1,7
16442,7,"conservative",678,1,7
16443,2,"liberal",216,1,7
16444,6,"conservative",456,1,7
16445,6,"conservative",831,1,7
16446,5,"conservative",702,1,7
16447,3,"liberal",364,1,7
16449,1,"liberal",58,1,7
16450,1,"liberal",218,1,7
16451,2,"liberal",431,1,7
16452,1,"liberal",175,1,7
16453,7,"conservative",727,1,7
16454,5,"conservative",749,1,7
16455,6,"conservative",742,1,7
16456,6,"conservative",539,1,7
16457,6,"conservative",648,0,7
16458,6,"conservative",740,1,7
16459,2,"liberal",86,1,7
16460,5,"conservative",533,1,7
16461,6,"conservative",795,1,7
16462,2,"liberal",75,1,7
16463,1,"liberal",36,1,7
16465,2,"liberal",340,1,7
16466,1,"liberal",14,1,7
16467,6,"conservative",552,1,7
16468,1,"liberal",371,1,7
16469,6,"conservative",488,1,7
16470,6,"conservative",805,1,7
16471,6,"conservative",490,1,7
16472,6,"conservative",467,1,7
16473,2,"liberal",276,1,7
16475,6,"conservative",753,0,7
16476,7,"conservative",719,1,7
16477,5,"conservative",548,1,7
16478,6,"conservative",734,1,7
16479,2,"liberal",338,1,7
16480,2,"liberal",321,1,7
16481,2,"liberal",287,1,7
16482,1,"liberal",161,1,7
16483,6,"conservative",567,1,7
16484,6,"conservative",530,1,7
16485,7,"conservative",538,1,7
16486,3,"liberal",109,1,7
16487,2,"liberal",5,1,7
16488,5,"conservative",516,1,7
16489,5,"conservative",744,1,7
16490,2,"liberal",433,1,7
16491,2,"liberal",245,1,7
16492,6,"conservative",620,0,7
16493,6,"conservative",645,1,7
16494,7,"conservative",689,0,7
16495,3,"liberal",156,1,7
16496,6,"conservative",675,1,7
16497,5,"conservative",872,1,7
16498,2,"liberal",349,1,7
16499,7,"conservative",546,1,7
16500,2,"liberal",16,1,7
16501,2,"liberal",296,0,7
16502,2,"liberal",233,1,7
16503,1,"liberal",194,1,7
16506,6,"conservative",725,1,7
16507,6,"conservative",732,1,7
16508,6,"conservative",454,1,7
16509,6,"conservative",632,1,7
16510,5,"conservative",668,1,7
16511,6,"conservative",892,1,7
16512,2,"liberal",446,1,7
16513,2,"liberal",443,1,7
16514,3,"liberal",410,1,7
16515,6,"conservative",501,1,7
16516,2,"liberal",53,1,7
16517,2,"liberal",389,1,7
16519,5,"conservative",628,0,7
16520,1,"liberal",319,1,7
16521,1,"liberal",67,1,7
16522,6,"conservative",882,1,7
16525,3,"liberal",221,1,7
16526,1,"liberal",408,1,7
16527,5,"conservative",842,1,7
16528,5,"conservative",665,1,7
16529,6,"conservative",861,0,7
16530,6,"conservative",737,1,7
16531,6,"conservative",695,1,7
16532,6,"conservative",556,0,7
16533,2,"liberal",380,1,7
16534,2,"liberal",6,1,7
16535,7,"conservative",817,1,7
16536,2,"liberal",44,1,7
16537,6,"conservative",582,1,7
16538,2,"liberal",68,1,7
16539,7,"conservative",738,1,7
16540,5,"conservative",453,0,7
16541,1,"liberal",208,1,7
16542,2,"liberal",280,1,7
16543,1,"liberal",87,1,7
16544,2,"liberal",39,1,7
16545,7,"conservative",712,1,7
16546,6,"conservative",769,0,7
16547,5,"conservative",679,1,7
16548,6,"conservative",777,1,7
16549,3,"liberal",246,1,7
16550,7,"conservative",466,1,7
16551,7,"conservative",566,1,7
16552,6,"conservative",505,1,7
16554,3,"liberal",198,1,7
16555,6,"conservative",704,1,7
16556,2,"liberal",444,1,7
16557,2,"liberal",350,1,7
16558,6,"conservative",808,0,7
16559,3,"liberal",267,1,7
16560,7,"conservative",823,0,7
16561,5,"conservative",854,1,7
16563,6,"conservative",874,0,7
16564,2,"liberal",163,1,7
16565,2,"liberal",214,1,7
16566,2,"liberal",165,1,7
16567,1,"liberal",47,0,7
16568,2,"liberal",322,0,7
16569,6,"conservative",459,0,7
16571,6,"conservative",748,0,7
16572,3,"liberal",449,0,7
16574,1,"liberal",428,0,7
16575,3,"liberal",100,0,7
16576,1,"liberal",136,0,7
16577,6,"conservative",818,0,7
16578,2,"liberal",310,0,7
16579,6,"conservative",841,0,7
16580,6,"conservative",545,0,7
16581,6,"conservative",643,0,7
16583,3,"liberal",394,0,7
16584,3,"liberal",243,0,7
16585,1,"liberal",154,0,7
16586,3,"liberal",288,0,7
16587,1,"liberal",196,0,7
16588,2,"liberal",383,0,7
16589,6,"conservative",780,0,7
16592,2,"liberal",202,0,7
16594,2,"liberal",152,0,7
16595,2,"liberal",50,0,7
16596,6,"conservative",539,0,7
16597,5,"conservative",648,0,7
16598,6,"conservative",740,0,7
16599,6,"conservative",694,0,7
16600,5,"conservative",533,0,7
16601,5,"conservative",795,0,7
16603,6,"conservative",820,0,7
16604,5,"conservative",478,0,7
16605,5,"conservative",829,0,7
16606,1,"liberal",336,0,7
16607,6,"conservative",552,0,7
16608,6,"conservative",486,0,7
16609,5,"conservative",488,0,7
16611,5,"conservative",490,0,7
16612,3,"liberal",101,0,7
14738,2,"liberal",18,0,6
14740,7,"conservative",867,0,6
14741,2,"liberal",314,1,6
14742,6,"conservative",600,1,6
14743,2,"liberal",432,1,6
14744,6,"conservative",584,1,6
14745,1,"liberal",360,1,6
14747,6,"conservative",803,0,6
14896,3,"liberal",48,1,6
14897,2,"liberal",323,1,6
14898,2,"liberal",144,1,6
14899,6,"conservative",563,1,6
14900,1,"liberal",45,1,6
14901,6,"conservative",778,1,6
14902,5,"conservative",506,1,6
14903,6,"conservative",900,1,6
14904,2,"liberal",268,0,6
14905,6,"conservative",627,1,6
14906,6,"conservative",570,1,6
14907,2,"liberal",355,1,6
14908,6,"conservative",851,1,6
14909,5,"conservative",850,1,6
14910,6,"conservative",705,1,6
14911,6,"conservative",499,1,6
14912,3,"liberal",253,1,6
14913,5,"conservative",833,0,6
14914,2,"liberal",10,1,6
14915,2,"liberal",78,1,6
14916,2,"liberal",391,1,6
14917,5,"conservative",574,1,6
14918,2,"liberal",27,1,6
14919,6,"conservative",660,1,6
14920,6,"conservative",888,1,6
14921,1,"liberal",25,1,6
14922,1,"liberal",112,0,6
14923,2,"liberal",251,0,6
14925,2,"liberal",118,1,6
14926,6,"conservative",559,1,6
14927,6,"conservative",693,0,6
14928,3,"liberal",157,1,6
14929,5,"conservative",481,1,6
14930,2,"liberal",249,1,6
14931,5,"conservative",812,1,6
14932,7,"conservative",698,1,6
14933,2,"liberal",368,0,6
14934,2,"liberal",305,1,6
14935,5,"conservative",536,1,6
14936,5,"conservative",766,1,6
14937,2,"liberal",30,0,6
14939,3,"liberal",237,0,6
14940,5,"conservative",500,0,6
14941,6,"conservative",752,0,6
14942,7,"conservative",496,1,6
14943,6,"conservative",586,0,6
14944,6,"conservative",813,1,6
14945,6,"conservative",723,1,6
14946,1,"liberal",372,0,6
14947,3,"liberal",2,1,6
14948,1,"liberal",23,0,6
14949,5,"conservative",471,1,6
14951,3,"liberal",220,0,6
14952,2,"liberal",43,1,6
14953,6,"conservative",701,0,6
14954,2,"liberal",147,1,6
14955,6,"conservative",898,1,6
14956,6,"conservative",658,1,6
14957,6,"conservative",613,1,6
14958,1,"liberal",164,1,6
14959,3,"liberal",385,1,6
14960,2,"liberal",15,1,6
14961,6,"conservative",784,1,6
14962,3,"liberal",13,1,6
14963,2,"liberal",113,1,6
14964,6,"conservative",750,0,6
14965,5,"conservative",489,0,6
14966,5,"conservative",536,0,6
14967,6,"conservative",481,1,6
14968,3,"liberal",79,1,6
14969,1,"liberal",347,0,6
14971,5,"conservative",883,0,6
14973,2,"liberal",406,0,6
14975,1,"liberal",115,1,6
14976,2,"liberal",434,0,6
14977,2,"liberal",28,1,6
14978,3,"liberal",393,0,6
14979,6,"conservative",610,1,6
14980,6,"conservative",880,1,6
14981,6,"conservative",451,1,6
14982,1,"liberal",348,0,6
14983,5,"conservative",761,1,6
14984,5,"conservative",580,1,6
14985,5,"conservative",888,0,6
14987,2,"liberal",128,1,6
14988,2,"liberal",46,1,6
14989,3,"liberal",217,1,6
14990,2,"liberal",209,0,6
14991,6,"conservative",900,0,6
14992,2,"liberal",13,1,6
14993,3,"liberal",38,1,6
14994,2,"liberal",361,0,6
14995,6,"conservative",513,0,6
14996,2,"liberal",134,0,6
14997,6,"conservative",778,0,6
14998,2,"liberal",167,1,6
14999,5,"conservative",513,0,6
15000,7,"conservative",588,1,6
15001,5,"conservative",776,1,6
15002,5,"conservative",458,1,6
15003,1,"liberal",31,0,6
15004,5,"conservative",479,0,6
15005,2,"liberal",294,0,6
15006,1,"liberal",166,1,6
15008,6,"conservative",544,1,6
15009,3,"liberal",35,0,6
15010,2,"liberal",13,1,6
15011,6,"conservative",543,1,6
15012,5,"conservative",714,0,6
15013,6,"conservative",671,1,6
15014,6,"conservative",563,1,6
15015,7,"conservative",624,0,6
15016,3,"liberal",413,0,6
15017,1,"liberal",32,0,6
15018,2,"liberal",313,0,6
15019,7,"conservative",718,0,6
15020,2,"liberal",135,0,6
15021,6,"conservative",559,0,6
15023,6,"conservative",536,0,6
15024,2,"liberal",230,0,6
15025,6,"conservative",585,0,6
15026,6,"conservative",602,0,6
15027,6,"conservative",844,0,6
15028,3,"liberal",419,0,6
15029,6,"conservative",540,0,6
15030,3,"liberal",424,0,6
15032,6,"conservative",710,0,6
15033,2,"liberal",258,0,6
15034,5,"conservative",531,0,6
15035,5,"conservative",465,0,6
15036,6,"conservative",527,0,6
15037,6,"conservative",463,0,6
15038,2,"liberal",185,0,6
15039,7,"conservative",659,0,6
15040,5,"conservative",529,0,6
15041,2,"liberal",442,0,6
15042,2,"liberal",30,0,6
15043,2,"liberal",360,0,6
15044,6,"conservative",592,0,6
15045,2,"liberal",415,0,6
15046,2,"liberal",18,0,6
15048,5,"conservative",760,0,6
15049,6,"conservative",793,0,6
15050,6,"conservative",555,0,6
15051,3,"liberal",275,0,6
15052,3,"liberal",249,0,6
15054,3,"liberal",363,0,6
15055,3,"liberal",57,0,6
15056,2,"liberal",419,0,6
15057,2,"liberal",247,0,6
15058,5,"conservative",513,0,6
15059,1,"liberal",419,0,6
15060,2,"liberal",158,0,6
15061,6,"conservative",640,0,6
15062,2,"liberal",361,0,6
15063,1,"liberal",283,0,6
15064,6,"conservative",741,0,6
15264,3,"liberal",35,1,6
15265,2,"liberal",227,1,6
15266,1,"liberal",307,1,6
15267,1,"liberal",450,0,6
15268,6,"conservative",875,0,6
15269,5,"conservative",760,1,6
15270,7,"conservative",776,1,6
15271,3,"liberal",157,1,6
15272,5,"conservative",529,1,6
15273,5,"conservative",491,1,6
15274,3,"liberal",376,1,6
15275,1,"liberal",274,1,6
15276,2,"liberal",299,1,6
15277,5,"conservative",893,1,6
15278,1,"liberal",264,0,6
15279,1,"liberal",323,1,6
15280,5,"conservative",776,0,6
15281,2,"liberal",229,1,6
15282,6,"conservative",764,1,6
15283,2,"liberal",290,0,6
15284,2,"liberal",106,1,6
15285,2,"liberal",186,1,6
15286,6,"conservative",480,0,6
13936,6,"conservative",611,1,5
13937,5,"conservative",894,1,5
13938,3,"liberal",200,1,5
13939,6,"conservative",731,1,5
13940,6,"conservative",774,1,5
13941,2,"liberal",366,1,5
13942,2,"liberal",285,1,5
13943,6,"conservative",492,1,5
13944,5,"conservative",579,1,5
13945,2,"liberal",169,1,5
13946,3,"liberal",284,0,5
13947,7,"conservative",565,1,5
13948,2,"liberal",252,1,5
13949,6,"conservative",597,1,5
13950,3,"liberal",223,1,5
13951,5,"conservative",706,1,5
13952,1,"liberal",382,1,5
13953,7,"conservative",637,1,5
13954,6,"conservative",518,0,5
13955,6,"conservative",572,1,5
13956,3,"liberal",447,1,5
13957,1,"liberal",145,1,5
13958,2,"liberal",7,1,5
13959,5,"conservative",547,1,5
13961,5,"conservative",477,1,5
13962,6,"conservative",884,1,5
13964,3,"liberal",316,1,5
13965,3,"liberal",4,1,5
13966,3,"liberal",195,1,5
13967,2,"liberal",409,1,5
13968,1,"liberal",281,1,5
13969,6,"conservative",683,1,5
13970,5,"conservative",736,1,5
13971,3,"liberal",351,0,5
13972,2,"liberal",317,1,5
13973,2,"liberal",1,1,5
13974,5,"conservative",866,1,5
13975,6,"conservative",672,1,5
13976,6,"conservative",891,1,5
13977,1,"liberal",203,1,5
13978,2,"liberal",309,1,5
13979,2,"liberal",204,1,5
13980,5,"conservative",577,1,5
13982,3,"liberal",116,0,5
13983,3,"liberal",93,0,5
13985,7,"conservative",598,0,5
13986,5,"conservative",684,0,5
13987,6,"conservative",853,0,5
13988,2,"liberal",77,0,5
13989,6,"conservative",852,0,5
13990,2,"liberal",438,0,5
13991,2,"liberal",191,0,5
13992,1,"liberal",24,0,5
13993,2,"liberal",417,0,5
13994,7,"conservative",821,0,5
13995,6,"conservative",485,0,5
11529,3,"liberal",55,1,4
11530,6,"conservative",519,1,4
11531,6,"conservative",532,1,4
11532,2,"liberal",282,0,4
11533,2,"liberal",119,0,4
11535,2,"liberal",255,1,4
11537,5,"conservative",847,1,4
11538,6,"conservative",497,1,4
11540,6,"conservative",601,1,4
11541,3,"liberal",248,1,4
11542,1,"liberal",445,1,4
11543,2,"liberal",65,0,4
11544,1,"liberal",3,1,4
11545,6,"conservative",765,1,4
11546,2,"liberal",265,1,4
11547,2,"liberal",292,1,4
11549,2,"liberal",162,1,4
11550,6,"conservative",663,1,4
11553,6,"conservative",858,1,4
11554,6,"conservative",759,1,4
11559,3,"liberal",40,1,4
11560,6,"conservative",599,0,4
11561,3,"liberal",182,1,4
11562,6,"conservative",669,1,4
11563,6,"conservative",621,1,4
11564,3,"liberal",11,0,4
11566,2,"liberal",341,1,4
11574,6,"conservative",608,0,4
11575,5,"conservative",756,0,4
11584,6,"conservative",581,1,4
11585,5,"conservative",634,1,4
11588,3,"liberal",125,1,4
11590,5,"conservative",560,1,4
11591,2,"liberal",17,1,4
11592,5,"conservative",828,1,4
11593,6,"conservative",564,1,4
11594,2,"liberal",98,0,4
11595,3,"liberal",120,1,4
11597,6,"conservative",551,0,4
11599,3,"liberal",170,1,4
11601,5,"conservative",796,0,4
11602,7,"conservative",739,0,4
11604,2,"liberal",20,1,4
11605,2,"liberal",402,1,4
11606,6,"conservative",789,1,4
11607,2,"liberal",96,0,4
11608,2,"liberal",88,1,4
11609,6,"conservative",618,0,4
11610,6,"conservative",452,1,4
11611,3,"liberal",103,0,4
11612,5,"conservative",630,0,4
11613,1,"liberal",181,1,4
11614,6,"conservative",735,0,4
11615,2,"liberal",244,1,4
11617,6,"conservative",524,0,4
11618,6,"conservative",461,0,4
11619,7,"conservative",730,1,4
11621,1,"liberal",392,1,4
11622,1,"liberal",199,1,4
11623,5,"conservative",521,0,4
11624,6,"conservative",493,1,4
11625,5,"conservative",814,0,4
11626,6,"conservative",792,1,4
11627,1,"liberal",437,1,4
11628,6,"conservative",615,0,4
11629,6,"conservative",542,1,4
11630,2,"liberal",215,0,4
11631,1,"liberal",160,1,4
11632,6,"conservative",535,0,4
11633,7,"conservative",790,1,4
11634,5,"conservative",674,0,4
11635,6,"conservative",862,1,4
11636,2,"liberal",159,0,4
11637,2,"liberal",342,1,4
11640,2,"liberal",254,0,4
11641,5,"conservative",655,0,4
11642,6,"conservative",629,1,4
11643,6,"conservative",475,1,4
11644,6,"conservative",762,0,4
11645,3,"liberal",210,0,4
11646,5,"conservative",758,1,4
11647,6,"conservative",484,0,4
11648,5,"conservative",460,1,4
11649,5,"conservative",498,1,4
11650,1,"liberal",171,0,4
11651,2,"liberal",41,0,4
11652,2,"liberal",192,1,4
11653,6,"conservative",653,0,4
11654,6,"conservative",644,0,4
11655,2,"liberal",179,0,4
11656,6,"conservative",697,0,4
11657,2,"liberal",69,0,4
11658,6,"conservative",635,1,4
11659,2,"liberal",269,0,4
11662,3,"liberal",42,0,4
11664,2,"liberal",238,0,4
11665,7,"conservative",804,0,4
11666,6,"conservative",709,0,4
11667,5,"conservative",878,0,4
11668,2,"liberal",365,0,4
11669,2,"liberal",12,0,4
11670,5,"conservative",690,0,4
11671,6,"conservative",528,0,4
11672,1,"liberal",124,0,4
11674,1,"liberal",286,0,4
11675,2,"liberal",138,0,4
11676,2,"liberal",70,0,4
11677,6,"conservative",703,0,4
11680,6,"conservative",720,0,4
11682,5,"conservative",896,0,4
11685,3,"liberal",189,0,4
11686,6,"conservative",652,0,4
11693,6,"conservative",791,0,4
11695,2,"liberal",95,0,4
11698,5,"conservative",476,0,4
11700,3,"liberal",206,0,4
11701,5,"conservative",864,0,4
11712,5,"conservative",887,0,4
11713,5,"conservative",881,0,4
11721,6,"conservative",680,0,4
11722,2,"liberal",73,0,4
11724,1,"liberal",62,0,4
11727,7,"conservative",747,0,4
11730,6,"conservative",571,0,4
11731,6,"conservative",522,0,4
11732,5,"conservative",596,0,4
11733,3,"liberal",398,0,4
11734,5,"conservative",666,0,4
11735,2,"liberal",352,0,4
11736,2,"liberal",107,0,4
11737,2,"liberal",329,0,4
11738,1,"liberal",378,0,4
11739,2,"liberal",153,0,4
11741,7,"conservative",487,0,4
11742,1,"liberal",375,0,4
11743,2,"liberal",411,0,4
11745,6,"conservative",832,0,4
11746,2,"liberal",328,0,4
11748,2,"liberal",37,0,4
11749,7,"conservative",729,0,4
10325,2,"liberal",155,1,3
10326,2,"liberal",261,1,3
10327,5,"conservative",855,1,3
10331,3,"liberal",297,1,3
10332,6,"conservative",869,1,3
10333,7,"conservative",845,1,3
10336,5,"conservative",801,1,3
10337,5,"conservative",879,1,3
10338,2,"liberal",356,1,3
10339,2,"liberal",232,1,3
10345,5,"conservative",713,1,3
10346,1,"liberal",239,1,3
10347,3,"liberal",213,1,3
10348,6,"conservative",677,1,3
10350,2,"liberal",396,1,3
10351,5,"conservative",786,1,3
10353,3,"liberal",300,1,3
10354,6,"conservative",576,0,3
10357,3,"liberal",85,1,3
10358,3,"liberal",122,0,3
10359,5,"conservative",650,1,3
10360,1,"liberal",358,0,3
10361,3,"liberal",373,1,3
10362,1,"liberal",105,1,3
10363,1,"liberal",311,1,3
10364,3,"liberal",404,0,3
10365,6,"conservative",716,1,3
10368,2,"liberal",99,1,3
10369,1,"liberal",260,1,3
10370,2,"liberal",141,1,3
10371,2,"liberal",226,1,3
10372,5,"conservative",633,1,3
10374,1,"liberal",346,1,3
10375,6,"conservative",636,1,3
10377,1,"liberal",54,1,3
10378,2,"liberal",51,1,3
10379,3,"liberal",381,1,3
10380,2,"liberal",80,1,3
10381,5,"conservative",614,1,3
10382,6,"conservative",607,1,3
10383,3,"liberal",140,1,3
10384,2,"liberal",318,1,3
10385,5,"conservative",895,0,3
10386,2,"liberal",405,1,3
10387,5,"conservative",503,1,3
10388,3,"liberal",326,0,3
10389,7,"conservative",692,0,3
10390,5,"conservative",815,1,3
10391,7,"conservative",827,1,3
10392,2,"liberal",211,1,3
10393,2,"liberal",430,1,3
10394,6,"conservative",554,1,3
10395,5,"conservative",687,1,3
10396,2,"liberal",344,1,3
10397,5,"conservative",520,1,3
10398,1,"liberal",9,1,3
10401,7,"conservative",863,1,3
10402,1,"liberal",324,1,3
10403,2,"liberal",427,1,3
10404,6,"conservative",474,1,3
10405,6,"conservative",835,1,3
10406,2,"liberal",320,0,3
10407,3,"liberal",273,1,3
10408,6,"conservative",800,1,3
10410,2,"liberal",384,0,3
10411,6,"conservative",726,1,3
10412,5,"conservative",673,1,3
10413,5,"conservative",646,1,3
10414,2,"liberal",117,1,3
10415,1,"liberal",370,1,3
10416,5,"conservative",767,1,3
10417,2,"liberal",59,1,3
10418,6,"conservative",871,1,3
10419,5,"conservative",455,0,3
10420,7,"conservative",511,1,3
10421,7,"conservative",667,1,3
10422,6,"conservative",798,1,3
10423,2,"liberal",291,1,3
10424,3,"liberal",188,1,3
10425,6,"conservative",558,1,3
10426,7,"conservative",890,1,3
10427,3,"liberal",414,0,3
10429,6,"conservative",685,1,3
10430,2,"liberal",293,0,3
10432,1,"liberal",400,1,3
10433,6,"conservative",856,0,3
10434,3,"liberal",197,1,3
10436,2,"liberal",331,0,3
10437,2,"liberal",131,1,3
10439,2,"liberal",49,1,3
10440,2,"liberal",207,0,3
10441,5,"conservative",825,1,3
10442,5,"conservative",605,0,3
10445,2,"liberal",315,0,3
10446,6,"conservative",557,0,3
10447,2,"liberal",301,0,3
10448,2,"liberal",272,0,3
10449,2,"liberal",224,0,3
10450,7,"conservative",846,0,3
10451,5,"conservative",836,0,3
10452,7,"conservative",802,0,3
10453,1,"liberal",335,0,3
10454,6,"conservative",787,0,3
10455,1,"liberal",114,0,3
10456,6,"conservative",510,0,3
10457,3,"liberal",325,0,3
10461,2,"liberal",183,0,3
10465,5,"conservative",728,0,3
10469,2,"liberal",90,0,3
10471,2,"liberal",63,0,3
10472,2,"liberal",374,0,3
9522,1,"liberal",277,1,2
9524,2,"liberal",222,1,2
9525,6,"conservative",834,1,2
9526,5,"conservative",639,1,2
9527,6,"conservative",625,1,2
9529,6,"conservative",573,1,2
9533,6,"conservative",550,0,2
9535,1,"liberal",270,1,2
9536,6,"conservative",649,1,2
9537,5,"conservative",886,0,2
9538,2,"liberal",66,1,2
9540,6,"conservative",469,0,2
9541,2,"liberal",60,1,2
9542,2,"liberal",429,0,2
9543,7,"conservative",642,1,2
9544,3,"liberal",306,1,2
9545,6,"conservative",593,1,2
9547,2,"liberal",422,1,2
9548,3,"liberal",369,1,2
9549,5,"conservative",561,1,2
9550,6,"conservative",507,1,2
9551,2,"liberal",377,1,2
9552,5,"conservative",783,1,2
9553,3,"liberal",21,1,2
9554,2,"liberal",130,1,2
9556,1,"liberal",8,1,2
9558,6,"conservative",508,1,2
9559,6,"conservative",517,1,2
9560,2,"liberal",399,1,2
9562,5,"conservative",810,1,2
9564,6,"conservative",757,1,2
9565,6,"conservative",617,1,2
9566,6,"conservative",870,0,2
9568,7,"conservative",859,1,2
9569,5,"conservative",899,1,2
9570,2,"liberal",71,1,2
9571,5,"conservative",494,1,2
9572,5,"conservative",578,1,2
9573,2,"liberal",236,1,2
9574,1,"liberal",337,1,2
9575,6,"conservative",631,1,2
9576,3,"liberal",212,0,2
9577,6,"conservative",763,1,2
9580,6,"conservative",512,0,2
9581,6,"conservative",811,1,2
9583,6,"conservative",682,1,2
9584,6,"conservative",612,0,2
9585,7,"conservative",799,0,2
9586,3,"liberal",52,0,2
9587,1,"liberal",121,0,2
9588,2,"liberal",33,0,2
9589,2,"liberal",308,0,2
9590,6,"conservative",708,0,2
9593,6,"conservative",504,0,2
9595,6,"conservative",482,0,2
9596,2,"liberal",271,0,2
9598,6,"conservative",889,0,2
7917,2,"liberal",353,0,1
7918,1,"liberal",390,0,1
7920,3,"liberal",263,0,1
7925,2,"liberal",295,0,1
7927,7,"conservative",483,0,1
7928,1,"liberal",259,0,1
7931,6,"conservative",743,0,1
7932,6,"conservative",781,0,1
7935,6,"conservative",839,0,1
7937,6,"conservative",616,0,1
7939,5,"conservative",865,0,1
7943,5,"conservative",733,0,1
7944,2,"liberal",142,0,1
7945,6,"conservative",788,0,1
7947,1,"liberal",395,0,1
7951,1,"liberal",72,0,1
7954,6,"conservative",670,0,1
7958,7,"conservative",495,0,1
7960,2,"liberal",401,0,1
7963,3,"liberal",172,0,1
7966,6,"conservative",472,0,1
7970,7,"conservative",751,0,1
7971,5,"conservative",809,0,1
7974,7,"conservative",549,0,1
7975,5,"conservative",594,0,1
7978,6,"conservative",840,0,1
7980,6,"conservative",691,0,1
7981,6,"conservative",877,0,1
7983,2,"liberal",123,0,1
7984,6,"conservative",724,0,1
7985,3,"liberal",74,0,1
7987,5,"conservative",622,0,1
7988,1,"liberal",29,0,1
7989,6,"conservative",587,0,1
7991,6,"conservative",797,0,1
7992,2,"liberal",343,0,1
7999,5,"conservative",779,0,1
8002,6,"conservative",569,0,1
8005,2,"liberal",91,0,1
8006,6,"conservative",662,0,1
8007,3,"liberal",108,0,1
8008,7,"conservative",770,0,1
8011,7,"conservative",583,0,1
8012,2,"liberal",312,0,1
8014,6,"conservative",837,0,1
8016,6,"conservative",509,0,1
8017,6,"conservative",468,0,1
8018,7,"conservative",514,0,1
8019,7,"conservative",806,0,1
8020,3,"liberal",139,0,1
8023,3,"liberal",149,0,1
8025,6,"conservative",537,0,1
8037,6,"conservative",768,0,1
8040,2,"liberal",205,0,1
8043,2,"liberal",26,0,1
8044,3,"liberal",379,0,1
8048,2,"liberal",84,0,1
8054,6,"conservative",541,0,1
8055,1,"liberal",219,0,1
8059,7,"conservative",768,0,1
8061,5,"conservative",656,0,1
8062,6,"conservative",700,0,1
8065,2,"liberal",22,0,1
8066,3,"liberal",97,0,1
8068,6,"conservative",826,0,1
8070,6,"conservative",590,0,1
8071,6,"conservative",623,0,1
8072,6,"conservative",641,0,1
8074,6,"conservative",775,0,1
8075,6,"conservative",670,0,1
8077,5,"conservative",654,0,1
8078,2,"liberal",354,0,1
8079,5,"conservative",609,0,1
8080,5,"conservative",553,0,1
8081,6,"conservative",816,0,1
8082,7,"conservative",751,0,1
8083,2,"liberal",110,0,1
8084,2,"liberal",201,0,1
8085,5,"conservative",464,0,1
